--- 13-05-2024 20:24:09
--- MS SQL
CREATE TABLE [tanulok] (
  [id] [int] NOT NULL,
  [nev] [varchar](50),
  [szul_dat] [date],
  [nem] [varchar](50),
  [email] [varchar](50),
  [oktato_id] [int]
);

INSERT INTO [tanulok] ([id],[nev],[szul_dat],[nem],[email],[oktato_id])
VALUES
(1,'Hamnet Avrahm','07/20/1980','F','havrahm0@mashable.com',6),
(2,'Aluin Sawell','04/30/1976','F','asawell1@phoca.cz',10),
(3,'Nick Lackner','11/11/1979','M','nlackner2@jalbum.net',15),
(4,'Emelina Morston','01/31/1999','F','emorston3@wikia.com',11),
(5,'Josh Norfolk','10/26/1981','F','jnorfolk4@va.gov',2),
(6,'Andriana Goffe','03/13/1979','F','agoffe5@blogs.com',12),
(7,'Hatti Cauderlie','12/14/1992','M','hcauderlie6@whitehouse.gov',20),
(8,'Rosco Steffans','01/21/1988','F','rsteffans7@mysql.com',12),
(9,'Hunfredo Hanbridge','09/17/1998','F','hhanbridge8@addthis.com',7),
(10,'Portie Siemon','08/13/1981','M','psiemon9@people.com.cn',8),
(11,'Gwendolin Sapsed','07/20/1988','F','gsapseda@oakley.com',4),
(12,'Isak Kerswill','06/17/1990','M','ikerswillb@bbc.co.uk',6),
(13,'Ariana Maes','01/18/1985','M','amaesc@go.com',6),
(14,'Candi Silkston','07/22/2003','M','csilkstond@umich.edu',6),
(15,'Nicolais Davitt','07/31/1992','F','ndavitte@marriott.com',7),
(16,'Willey Lequeux','06/13/1992','M','wlequeuxf@aboutads.info',4),
(17,'Evy Romaines','12/01/1995','F','eromainesg@ted.com',9),
(18,'Fabio Witherby','02/20/1988','M','fwitherbyh@scribd.com',16),
(19,'Desdemona Lippatt','07/11/2001','F','dlippatti@army.mil',8),
(20,'Verla Davidai','10/14/1973','M','vdavidaij@mtv.com',3),
(21,'Homere Cutill','08/24/1992','M','hcutillk@biglobe.ne.jp',5),
(22,'Hedda Hoggan','01/25/2004','F','hhogganl@mail.ru',10),
(23,'Phillie Rist','03/11/1995','F','pristm@sogou.com',11),
(24,'Crawford Jankowski','09/03/1979','M','cjankowskin@51.la',15),
(25,'Madel McMylor','05/30/1977','F','mmcmyloro@google.com.hk',12),
(26,'Dena Reisen','12/29/1982','F','dreisenp@mlb.com',20),
(27,'Konstance Kybbye','09/09/1970','F','kkybbyeq@symantec.com',20),
(28,'Darla Cometti','09/26/1993','M','dcomettir@nyu.edu',9),
(29,'Alfie Piegrome','10/08/1992','M','apiegromes@google.com',9),
(30,'Gaultiero Morffew','01/24/1979','M','gmorffewt@yandex.ru',6),
(31,'Gerhard Hammatt','05/20/2003','M','ghammattu@wunderground.com',2),
(32,'Lusa Golda','02/18/1988','F','lgoldav@usda.gov',14),
(33,'Carmelia Itzkowicz','05/16/1994','F','citzkowiczw@sakura.ne.jp',15),
(34,'Marlowe Ferry','05/13/2003','M','mferryx@wix.com',10),
(35,'Sophi Mulberry','03/16/1974','M','smulberryy@github.io',10),
(36,'Jasmine Davidescu','12/27/1978','F','jdavidescuz@sfgate.com',12),
(37,'Jeramie Gyves','04/11/1992','F','jgyves10@amazon.de',11),
(38,'Redd Maynell','06/24/1975','F','rmaynell11@arizona.edu',9),
(39,'Faina Oaks','11/19/1979','M','foaks12@delicious.com',18),
(40,'Davie Symons','06/06/1995','M','dsymons13@edublogs.org',9),
(41,'Rafaellle Scarrott','04/13/2001','F','rscarrott14@cnn.com',9),
(42,'Cazzie Caraher','02/14/1991','M','ccaraher15@unblog.fr',17),
(43,'Thomas Ohm','10/12/2005','M','tohm16@storify.com',1),
(44,'Dilly Bicheno','03/21/1977','M','dbicheno17@github.io',16),
(45,'Dolores Kingaby','07/30/1988','M','dkingaby18@mayoclinic.com',8),
(46,'Vita Chaytor','07/30/1989','M','vchaytor19@shutterfly.com',17),
(47,'Deane Sanbroke','08/29/1973','F','dsanbroke1a@nature.com',14),
(48,'Christos Strickland','08/31/1977','F','cstrickland1b@webmd.com',15),
(49,'Basilio Keeltagh','01/27/1981','F','bkeeltagh1c@utexas.edu',17),
(50,'Maddie Ilyasov','03/26/1977','F','milyasov1d@people.com.cn',10),
(51,'Olly Noweak','12/04/1995','F','onoweak1e@go.com',6),
(52,'Marlow Polack','05/30/1995','F','mpolack1f@bravesites.com',11),
(53,'Amerigo Ellicott','05/08/1990','F','aellicott1g@nasa.gov',2),
(54,'Napoleon Blofield','11/01/1991','F','nblofield1h@buzzfeed.com',6),
(55,'Dorolisa Prandin','08/17/2003','M','dprandin1i@cocolog-nifty.com',2),
(56,'Vinnie Vero','07/04/1986','M','vvero1j@gnu.org',6),
(57,'Rosalinda Grane','08/11/1981','M','rgrane1k@goo.gl',3),
(58,'Rozina Lempenny','12/07/2001','F','rlempenny1l@amazon.com',20),
(59,'Janet Finnie','11/06/1982','M','jfinnie1m@illinois.edu',20),
(60,'Dacey Veasey','05/30/1976','M','dveasey1n@webs.com',18),
(61,'Adara Rubens','06/17/1981','M','arubens1o@flickr.com',13),
(62,'Idell Glazebrook','04/10/1999','M','iglazebrook1p@statcounter.com',17),
(63,'Gretal Moss','01/10/1973','F','gmoss1q@usatoday.com',8),
(64,'Cristabel Speir','12/25/1980','F','cspeir1r@angelfire.com',20),
(65,'Caye Lamberti','01/22/2000','M','clamberti1s@howstuffworks.com',13),
(66,'Ashli Keneford','11/27/1990','M','akeneford1t@wufoo.com',10),
(67,'Lyle Houldey','09/12/2000','M','lhouldey1u@indiatimes.com',5),
(68,'Reggie Shire','06/30/1988','M','rshire1v@lulu.com',20),
(69,'Kristina Pellett','08/04/1975','F','kpellett1w@skype.com',17),
(70,'Davina Grigore','02/17/1992','M','dgrigore1x@woothemes.com',18),
(71,'Alec Dufaur','12/13/1991','M','adufaur1y@china.com.cn',5),
(72,'Selie Avarne','03/28/1974','F','savarne1z@buzzfeed.com',15),
(73,'Gerhardt Strephan','07/19/1976','M','gstrephan20@cam.ac.uk',10),
(74,'Sharona Cahani','07/29/1983','M','scahani21@google.co.uk',10),
(75,'Harper Woolger','11/09/1970','M','hwoolger22@bigcartel.com',18),
(76,'Jere Perrot','07/14/1972','M','jperrot23@earthlink.net',10),
(77,'Abbot Turmell','12/26/1984','F','aturmell24@domainmarket.com',2),
(78,'Thain Fish','08/28/1984','M','tfish25@ox.ac.uk',2),
(79,'Westbrook Fothergill','06/13/1987','M','wfothergill26@360.cn',16),
(80,'Brita Tarbatt','05/30/1987','F','btarbatt27@mail.ru',3),
(81,'Jarred Beloe','02/06/1978','F','jbeloe28@joomla.org',6),
(82,'Cory Rawsthorne','09/09/1979','M','crawsthorne29@abc.net.au',10),
(83,'Agretha Streets','01/16/2001','M','astreets2a@utexas.edu',6),
(84,'Sidoney Danielsohn','10/02/1980','F','sdanielsohn2b@mozilla.com',20),
(85,'Belva Glassford','04/13/1991','M','bglassford2c@pagesperso-orange.fr',16),
(86,'Marni Ghilardini','11/26/1975','F','mghilardini2d@blogs.com',14),
(87,'Haleigh Mathewes','08/04/1993','F','hmathewes2e@ycombinator.com',13),
(88,'Sande Flag','11/12/1978','M','sflag2f@soup.io',10),
(89,'Allister McGreil','08/29/1995','F','amcgreil2g@scribd.com',10),
(90,'Tamma Artiss','05/04/1986','F','tartiss2h@bigcartel.com',18),
(91,'Gerianna Dare','09/08/1984','M','gdare2i@youku.com',11),
(92,'Brennen Kinforth','04/19/1989','F','bkinforth2j@quantcast.com',3),
(93,'Phineas Lehrmann','06/08/1989','F','plehrmann2k@usgs.gov',7),
(94,'Emile Staniforth','04/11/1978','M','estaniforth2l@ow.ly',10),
(95,'Aristotle Barnsdall','05/29/1994','F','abarnsdall2m@mapy.cz',18),
(96,'Pennie Mance','03/22/1984','M','pmance2n@rambler.ru',19),
(97,'Keslie Rochford','01/15/1982','M','krochford2o@theatlantic.com',7),
(98,'Luca Krysiak','08/29/1991','M','lkrysiak2p@discovery.com',14),
(99,'Micki Aked','10/22/1976','F','maked2q@sciencedaily.com',11),
(100,'Cole Sexti','06/06/1988','F','csexti2r@wunderground.com',12),
(101,'Margaretta Mogg','01/19/1971','F','mmogg2s@nbcnews.com',17),
(102,'Rubi Iianon','07/14/1983','M','riianon2t@nsw.gov.au',19),
(103,'Kennith Pozzi','02/10/1987','F','kpozzi2u@feedburner.com',4),
(104,'John Hampton','07/08/1995','M','jhampton2v@utexas.edu',16),
(105,'Emiline Leynton','02/24/1990','F','eleynton2w@acquirethisname.com',2),
(106,'Pincas Haxell','06/29/1975','F','phaxell2x@printfriendly.com',18),
(107,'Alanna Stearndale','06/25/1978','F','astearndale2y@dyndns.org',11),
(108,'Arlene McCrie','05/02/1975','M','amccrie2z@disqus.com',19),
(109,'Douglass Dooney','09/21/1972','F','ddooney30@163.com',3),
(110,'Karlie Trever','12/03/1985','M','ktrever31@google.ru',11),
(111,'Ruy Han','02/28/1976','M','rhan32@apple.com',14),
(112,'Valery Teck','05/11/1972','F','vteck33@dot.gov',10),
(113,'Berta Milington','08/16/1997','M','bmilington34@moonfruit.com',19),
(114,'Maryann Lestor','01/06/1974','M','mlestor35@discuz.net',16),
(115,'Orv Coultar','06/20/1987','F','ocoultar36@mapy.cz',16),
(116,'Artemis Lyston','05/29/1977','F','alyston37@cloudflare.com',14),
(117,'Christie Hartegan','06/19/1990','M','chartegan38@admin.ch',1),
(118,'Colby Candelin','11/14/1970','F','ccandelin39@cargocollective.com',12),
(119,'Kiri Weinham','08/13/1977','M','kweinham3a@t.co',16),
(120,'Marin Bettlestone','12/28/1975','M','mbettlestone3b@adobe.com',7),
(121,'Selby Maginn','06/09/1986','F','smaginn3c@freewebs.com',12),
(122,'Kamillah Aldgate','02/29/1988','F','kaldgate3d@goodreads.com',16),
(123,'Gaylor Sherington','08/10/1989','M','gsherington3e@google.pl',6),
(124,'Aldric Zanolli','09/10/1975','M','azanolli3f@mashable.com',5),
(125,'Annetta Banaszewski','10/01/1991','F','abanaszewski3g@yale.edu',13),
(126,'Kile Moberley','07/23/1975','M','kmoberley3h@cornell.edu',16),
(127,'Harriet Janek','07/07/1981','M','hjanek3i@etsy.com',5),
(128,'Christy Werndly','04/03/1990','F','cwerndly3j@scientificamerican.com',5),
(129,'Verene Gunnell','09/29/1998','F','vgunnell3k@fda.gov',17),
(130,'Silvanus Innocenti','08/01/1983','M','sinnocenti3l@ibm.com',6),
(131,'Valentia Ganforth','03/04/1971','F','vganforth3m@parallels.com',20),
(132,'Der Exelby','03/02/1987','M','dexelby3n@naver.com',13),
(133,'Gerhardt Satcher','01/06/1990','M','gsatcher3o@psu.edu',12),
(134,'Papageno Schollar','05/21/1994','M','pschollar3p@friendfeed.com',5),
(135,'Kearney Le Teve','03/15/1995','M','kle3q@mediafire.com',11),
(136,'Neda Gerardeaux','11/13/1976','F','ngerardeaux3r@drupal.org',19),
(137,'Merle Davenhall','01/05/1974','F','mdavenhall3s@unicef.org',7),
(138,'Gregorius Goolden','06/13/1992','F','ggoolden3t@imageshack.us',11),
(139,'Vin Haggidon','04/02/2005','F','vhaggidon3u@is.gd',3),
(140,'Dimitry Merritt','07/26/2002','M','dmerritt3v@statcounter.com',17),
(141,'Shay Kincey','12/07/2005','M','skincey3w@microsoft.com',1),
(142,'Georgia Klink','01/08/1998','F','gklink3x@hibu.com',19),
(143,'Priscella Merricks','04/05/1986','M','pmerricks3y@friendfeed.com',4),
(144,'Jessee Taylour','04/22/2005','F','jtaylour3z@reuters.com',17),
(145,'Tiphany Noddle','08/09/1993','M','tnoddle40@woothemes.com',16),
(146,'Modesty Cordy','11/19/2004','F','mcordy41@is.gd',1),
(147,'Manda Bather','07/07/1999','M','mbather42@liveinternet.ru',1),
(148,'Arnuad Colt','04/28/1996','M','acolt43@odnoklassniki.ru',8),
(149,'Lynelle de Tocqueville','02/20/1998','F','lde44@scribd.com',10),
(150,'Ag Kighly','05/10/1989','F','akighly45@virginia.edu',19);

--- 13-05-2024 20:35:23
--- MS SQL
CREATE TABLE [jarmuvek] (
  [jarmu_id] [int] NOT NULL,
  [rendszam] [varchar](50),
  [marka] [varchar](50),
  [tipus] [varchar](50),
  [muszaki_vizsga] [date],
  [kategoria_id] [int] NOT NULL
);

INSERT INTO [jarmuvek] ([jarmu_id],[rendszam],[marka],[tipus],[muszaki_vizsga],[kategoria_id])
VALUES
(1,'nincs','Peugeot','Looxor','2023/09/29',1),
(2,'nincs','Honda','Pal','2022/04/30',1),
(3,'UWW115','Piaggo','Skipper 125','2023/04/24',2),
(4,'UPT778','Honda','Nes 125','2022/11/22',2),
(5,'JVJ578','Renault','Twizy','2023/06/26',3),
(6,'WBR770','Seat','Minimo','2023/03/04',3),
(7,'UQH830','TRK','502 EURO 5','2023/05/08',4),
(8,'UYB12U','BMW','F850GS','2023/05/22',4),
(9,'UEM136','Kawasaki','Ninja 400','2022/06/24',4),
(10,'GCV108','Toyota','Yaris','2023/03/17',5),
(11,'IIH421','Honda','Jazz','2023/02/27',5),
(12,'ZTJ725','Ford','Focus','2023/12/01',5),
(13,'SSV151','Kia','Rio','2024/03/14',5),
(14,'XMM096','Suzuki','Swift','2022/07/13',5),
(15,'MCV762','Suzuki','Swift','2022/08/28',5),
(16,'ETS537','Toyota','Yaris','2023/03/21',5),
(17,'ITE720','Volkswagen','Caddy','2022/11/23',6),
(18,'HOZ380','Mercedes','Atego','2024/01/08',6),
(19,'QMG246','Iveco','ML140E28/P','2023/03/20',6),
(20,'UMG482','Harley-Davidson','CVO Street Glide','2023/01/07',7),
(21,'URI833','Harley-Davidson','CVO Road Glide','2024/04/10',7),
(22,'UDJ687','Hanyang','Cruiser','2022/06/14',7),
(23,'LTD276','MAN','TGX','2023/09/12',8),
(24,'BQO218','Ford','F-Max','2023/07/19',8),
(25,'FVY302','Iveco','S-Way','2023/12/05',8),
(26,'JUX989','Ford','Transit','2023/09/30',9),
(27,'NKN501','Mercedes','Sprinter','2024/04/21',9),
(28,'KVY455','Volkswagen','Crafter','2024/02/10',9),
(29,'DOR472','MAN','A72','2024/04/07',10),
(30,'KMJ131','Mercedes','Citaro','2023/01/31',10),
(31,'KMJ132','Mercedes','Citaro','2023/02/01',10);

--- 13-05-2024 20:36:22
--- MS SQL
CREATE TABLE [kategoriak] (
  [kat_id] [int] NOT NULL,
  [rovidites] [varchar](50),
  [megnevezes] [varchar](50),
  [korhatar] [int]
);

INSERT INTO [kategoriak] ([kat_id],[rovidites],[megnevezes],[korhatar])
VALUES
(1,'AM','Segédmotoros kerékpár',16),
(2,'A1','Könnyű motorkerékpár',16),
(3,'B1','Négykerekű motorkerékpár',16),
(4,'A2','Motorkerékpár',18),
(5,'B','Személygépkocsi',18),
(6,'C1','Közepes méretű gépjármű',18),
(7,'A','Nehéz motorkerékpár',20),
(8,'C','Nagyméretű gépjármű',21),
(9,'D1','Kisbusz',21),
(10,'D','Busz',24);

--- 13-05-2024 20:36:44
--- MS SQL
CREATE TABLE [napok] (
  [id] [int] NOT NULL,
  [nap] [varchar](50)
);

INSERT INTO [napok] ([id],[nap])
VALUES
(1,'Hétfő'),
(2,'Kedd'),
(3,'Szerda'),
(4,'Csütörtök'),
(5,'Péntek'),
(6,'Szombat'),
(7,'Vasárnap');

--- 13-05-2024 20:37:24
--- MS SQL
CREATE TABLE [oktatok] (
  [id] [int] NOT NULL,
  [nev] [varchar](50),
  [szul_dat] [date],
  [nem] [varchar](50),
  [email] [varchar](50),
  [jarmu_id] [int] NOT NULL
);

INSERT INTO [oktatok] ([id],[nev],[szul_dat],[nem],[email],[jarmu_id])
VALUES
(1,'Christophorus Halt','09/01/1990','F','chalt0@mozilla.com',10),
(2,'Idalia Growcock','02/23/1977','F','igrowcock1@dmoz.org',4),
(3,'Dyann Cressey','05/05/1977','M','dcressey2@livejournal.com',11),
(4,'Ruthann Morsey','10/15/1984','F','rmorsey3@earthlink.net',5),
(5,'Augie Clawley','08/08/1988','M','aclawley4@yelp.com',1),
(6,'Matti Bridywater','11/09/1991','F','mbridywater5@japanpost.jp',12),
(7,'Violet Steart','08/18/1985','F','vsteart6@nih.gov',26),
(8,'Goldy Ilive','08/09/1986','M','gilive7@miitbeian.gov.cn',8),
(9,'Shirl Lunam','04/17/1995','M','slunam8@intel.com',22),
(10,'Rockwell Filipchikov','03/23/1990','F','rfilipchikov9@feedburner.com',13),
(11,'Sullivan Domelaw','03/16/1988','F','sdomelawa@bing.com',24),
(12,'Tallie Beckensall','11/19/1975','M','tbeckensallb@tiny.cc',30),
(13,'Michaela Leed','08/29/1986','M','mleedc@vimeo.com',25),
(14,'Helaina Bridgwater','05/25/1987','M','hbridgwaterd@constantcontact.com',31),
(15,'Elisha Fletcher','01/26/1993','M','efletchere@fotki.com',17),
(16,'Ollie Surman-Wells','02/12/1996','M','osurmanwellsf@studiopress.com',15),
(17,'Darrel Gent','08/09/1970','M','dgentg@slate.com',16),
(18,'Maitilde Cains','01/19/1995','M','mcainsh@slashdot.org',9),
(19,'Giana Hrynczyk','01/08/1983','F','ghrynczyki@hatena.ne.jp',29),
(20,'Joceline Gallety','10/29/1991','F','jgalletyj@usda.gov',18);

--- 13-05-2024 20:37:49
--- MS SQL
CREATE TABLE [savok] (
  [id] [int] NOT NULL,
  [sav] [varchar](50)
);

INSERT INTO [savok] ([id],[sav])
VALUES
(1,'8:00-9:00'),
(2,'9:00-10:00'),
(3,'10:00-11:00'),
(4,'11:00-12:00'),
(5,'12:00-13:00'),
(6,'13:00-14:00'),
(7,'14:00-15:00'),
(8,'15:00-16:00'),
(9,'16:00-17:00'),
(10,'17:00-18:00'),
(11,'18:00-19:00'),
(12,'19:00-20:00');

--- 13-05-2024 20:38:36
--- MS SQL
CREATE TABLE [orarend] (
  [id] [int] NOT NULL,
  [tanulo_id] [int] NOT NULL,
  [nap_id] [int] NOT NULL,
  [sáv_id] [int] NOT NULL
);

INSERT INTO [orarend] ([id],[tanulo_id],[nap_id],[sáv_id])
VALUES
(1,43,1,1),
(2,5,1,1),
(3,109,1,1),
(4,21,1,1),
(5,17,1,1),
(6,43,1,2),
(7,5,1,2),
(8,109,1,2),
(9,67,1,2),
(10,117,1,3),
(11,31,1,3),
(12,109,1,3),
(13,103,1,3),
(14,71,1,3),
(15,1,1,3),
(16,93,1,3),
(17,19,1,3),
(18,28,1,3),
(19,117,1,4),
(20,31,1,4),
(21,139,1,4),
(22,103,1,4),
(23,124,1,4),
(24,1,1,4),
(25,93,1,4),
(26,19,1,4),
(27,28,1,4),
(28,103,1,5),
(29,127,1,5),
(30,13,1,5),
(31,9,1,5),
(32,45,1,5),
(33,38,1,5),
(34,66,1,5),
(35,135,1,5),
(36,133,1,5),
(37,61,1,5),
(38,47,1,5),
(39,18,1,5),
(40,101,1,5),
(41,11,1,6),
(42,128,1,6),
(43,13,1,6),
(44,9,1,6),
(45,45,1,6),
(46,38,1,6),
(47,74,1,6),
(48,135,1,6),
(49,133,1,6),
(50,65,1,6),
(51,47,1,6),
(52,18,1,6),
(53,129,1,6),
(54,11,1,7),
(55,134,1,7),
(56,14,1,7),
(57,137,1,7),
(58,63,1,7),
(59,41,1,7),
(60,74,1,7),
(61,107,1,7),
(62,118,1,7),
(63,65,1,7),
(64,47,1,7),
(65,126,1,7),
(66,144,1,7),
(67,39,1,7),
(68,108,1,7),
(69,26,1,7),
(70,11,1,8),
(71,134,1,8),
(72,14,1,8),
(73,137,1,8),
(74,63,1,8),
(75,41,1,8),
(76,88,1,8),
(77,107,1,8),
(78,118,1,8),
(79,125,1,8),
(80,86,1,8),
(81,126,1,8),
(82,42,1,8),
(83,39,1,8),
(84,108,1,8),
(85,26,1,8),
(86,88,1,9),
(87,37,1,9),
(88,121,1,9),
(89,125,1,9),
(90,86,1,9),
(91,24,1,9),
(92,104,1,9),
(93,46,1,9),
(94,106,1,9),
(95,136,1,9),
(96,58,1,9),
(97,94,1,10),
(98,37,1,10),
(99,121,1,10),
(100,132,1,10),
(101,98,1,10),
(102,24,1,10),
(103,104,1,10),
(104,46,1,10),
(105,106,1,10),
(106,136,1,10),
(107,58,1,10),
(108,94,1,11),
(109,23,1,11),
(110,100,1,11),
(111,132,1,11),
(112,98,1,11),
(113,48,1,11),
(114,115,1,11),
(115,140,1,11),
(116,95,1,11),
(117,142,1,11),
(118,84,1,11),
(119,112,1,12),
(120,23,1,12),
(121,100,1,12),
(122,87,1,12),
(123,98,1,12),
(124,48,1,12),
(125,115,1,12),
(126,140,1,12),
(127,95,1,12),
(128,142,1,12),
(129,84,1,12),
(130,141,2,1),
(131,21,2,1),
(132,17,2,1),
(133,114,2,1),
(134,101,2,1),
(135,2,2,1),
(136,51,2,1),
(137,141,2,2),
(138,139,2,2),
(139,114,2,2),
(140,71,2,2),
(141,2,2,2),
(142,40,2,2),
(143,146,2,3),
(144,68,2,3),
(145,40,2,3),
(146,31,2,3),
(147,1,2,3),
(148,22,2,3),
(149,61,2,3),
(150,79,2,3),
(151,150,2,3),
(152,146,2,4),
(153,68,2,4),
(154,40,2,4),
(155,55,2,4),
(156,54,2,4),
(157,22,2,4),
(158,61,2,4),
(159,79,2,4),
(160,150,2,4),
(161,55,2,5),
(162,54,2,5),
(163,34,2,5),
(164,61,2,5),
(165,44,2,5),
(166,150,2,5),
(167,139,2,5),
(168,97,2,5),
(169,4,2,5),
(170,111,2,5),
(171,144,2,5),
(172,53,2,6),
(173,130,2,6),
(174,34,2,6),
(175,87,2,6),
(176,44,2,6),
(177,96,2,6),
(178,20,2,6),
(179,97,2,6),
(180,4,2,6),
(181,111,2,6),
(182,129,2,6),
(183,53,2,7),
(184,130,2,7),
(185,35,2,7),
(186,87,2,7),
(187,119,2,7),
(188,96,2,7),
(189,20,2,7),
(190,120,2,7),
(191,52,2,7),
(192,116,2,7),
(193,42,2,7),
(194,16,2,7),
(195,10,2,7),
(196,6,2,7),
(197,72,2,7),
(198,70,2,7),
(199,77,2,8),
(200,12,2,8),
(201,35,2,8),
(202,87,2,8),
(203,119,2,8),
(204,102,2,8),
(205,57,2,8),
(206,120,2,8),
(207,52,2,8),
(208,116,2,8),
(209,49,2,8),
(210,16,2,8),
(211,10,2,8),
(212,6,2,8),
(213,72,2,8),
(214,70,2,8),
(215,57,2,9),
(216,15,2,9),
(217,99,2,9),
(218,32,2,9),
(219,49,2,9),
(220,131,2,9),
(221,16,2,9),
(222,148,2,9),
(223,25,2,9),
(224,33,2,9),
(225,60,2,9),
(226,80,2,10),
(227,15,2,10),
(228,99,2,10),
(229,32,2,10),
(230,62,2,10),
(231,131,2,10),
(232,143,2,10),
(233,148,2,10),
(234,25,2,10),
(235,33,2,10),
(236,60,2,10),
(237,80,2,11),
(238,93,2,11),
(239,110,2,11),
(240,86,2,11),
(241,69,2,11),
(242,64,2,11),
(243,143,2,11),
(244,19,2,11),
(245,36,2,11),
(246,3,2,11),
(247,75,2,11),
(248,80,2,12),
(249,93,2,12),
(250,110,2,12),
(251,86,2,12),
(252,69,2,12),
(253,64,2,12),
(254,143,2,12),
(255,19,2,12),
(256,36,2,12),
(257,3,2,12),
(258,75,2,12),
(259,5,3,1),
(260,81,3,1),
(261,147,3,1),
(262,109,3,1),
(263,82,3,1),
(264,147,3,2),
(265,109,3,2),
(266,5,3,2),
(267,81,3,2),
(268,82,3,2),
(269,77,3,3),
(270,123,3,3),
(271,112,3,3),
(272,109,3,3),
(273,9,3,3),
(274,99,3,3),
(275,47,3,3),
(276,95,3,3),
(277,27,3,3),
(278,77,3,4),
(279,123,3,4),
(280,112,3,4),
(281,20,3,4),
(282,9,3,4),
(283,99,3,4),
(284,47,3,4),
(285,95,3,4),
(286,27,3,4),
(287,20,3,5),
(288,137,3,5),
(289,138,3,5),
(290,98,3,5),
(291,39,3,5),
(292,59,3,5),
(293,146,3,5),
(294,124,3,5),
(295,17,3,5),
(296,8,3,5),
(297,122,3,5),
(298,57,3,6),
(299,137,3,6),
(300,138,3,6),
(301,98,3,6),
(302,39,3,6),
(303,59,3,6),
(304,146,3,6),
(305,124,3,6),
(306,29,3,6),
(307,8,3,6),
(308,122,3,6),
(309,57,3,7),
(310,137,3,7),
(311,107,3,7),
(312,111,3,7),
(313,106,3,7),
(314,26,3,7),
(315,146,3,7),
(316,127,3,7),
(317,29,3,7),
(318,118,3,7),
(319,126,3,7),
(320,11,3,7),
(321,45,3,7),
(322,65,3,7),
(323,48,3,7),
(324,101,3,7),
(325,57,3,8),
(326,9,3,8),
(327,107,3,8),
(328,111,3,8),
(329,106,3,8),
(330,26,3,8),
(331,43,3,8),
(332,127,3,8),
(333,38,3,8),
(334,118,3,8),
(335,126,3,8),
(336,11,3,8),
(337,45,3,8),
(338,65,3,8),
(339,48,3,8),
(340,144,3,8),
(341,43,3,9),
(342,128,3,9),
(343,41,3,9),
(344,100,3,9),
(345,85,3,9),
(346,108,3,9),
(347,103,3,9),
(348,63,3,9),
(349,125,3,9),
(350,72,3,9),
(351,129,3,9),
(352,117,3,10),
(353,128,3,10),
(354,41,3,10),
(355,100,3,10),
(356,85,3,10),
(357,108,3,10),
(358,103,3,10),
(359,63,3,10),
(360,125,3,10),
(361,72,3,10),
(362,46,3,10),
(363,117,3,11),
(364,134,3,11),
(365,28,3,11),
(366,121,3,11),
(367,18,3,11),
(368,102,3,11),
(369,16,3,11),
(370,10,3,11),
(371,132,3,11),
(372,24,3,11),
(373,46,3,11),
(374,117,3,12),
(375,134,3,12),
(376,28,3,12),
(377,121,3,12),
(378,18,3,12),
(379,102,3,12),
(380,16,3,12),
(381,10,3,12),
(382,132,3,12),
(383,24,3,12),
(384,62,3,12),
(385,80,4,1),
(386,15,4,1),
(387,141,4,1),
(388,30,4,1),
(389,4,4,1),
(390,30,4,2),
(391,80,4,2),
(392,15,4,2),
(393,4,4,2),
(394,139,4,3),
(395,97,4,3),
(396,4,4,3),
(397,141,4,3),
(398,134,4,3),
(399,17,4,3),
(400,87,4,3),
(401,140,4,3),
(402,58,4,3),
(403,139,4,4),
(404,97,4,4),
(405,91,4,4),
(406,117,4,4),
(407,134,4,4),
(408,28,4,4),
(409,87,4,4),
(410,140,4,4),
(411,58,4,4),
(412,117,4,5),
(413,21,4,5),
(414,40,4,5),
(415,61,4,5),
(416,42,4,5),
(417,84,4,5),
(418,78,4,5),
(419,51,4,5),
(420,149,4,5),
(421,116,4,5),
(422,90,4,5),
(423,147,4,6),
(424,21,4,6),
(425,40,4,6),
(426,61,4,6),
(427,49,4,6),
(428,84,4,6),
(429,78,4,6),
(430,1,4,6),
(431,149,4,6),
(432,116,4,6),
(433,90,4,6),
(434,147,4,7),
(435,67,4,7),
(436,38,4,7),
(437,125,4,7),
(438,49,4,7),
(439,131,4,7),
(440,105,4,7),
(441,1,4,7),
(442,74,4,7),
(443,32,4,7),
(444,70,4,7),
(445,143,4,7),
(446,148,4,7),
(447,133,4,7),
(448,3,4,7),
(449,145,4,7),
(450,147,4,8),
(451,128,4,8),
(452,38,4,8),
(453,125,4,8),
(454,62,4,8),
(455,131,4,8),
(456,105,4,8),
(457,13,4,8),
(458,76,4,8),
(459,32,4,8),
(460,70,4,8),
(461,143,4,8),
(462,148,4,8),
(463,133,4,8),
(464,3,4,8),
(465,145,4,8),
(466,31,4,9),
(467,13,4,9),
(468,76,4,9),
(469,86,4,9),
(470,75,4,9),
(471,142,4,9),
(472,143,4,9),
(473,19,4,9),
(474,6,4,9),
(475,33,4,9),
(476,115,4,9),
(477,31,4,10),
(478,14,4,10),
(479,89,4,10),
(480,86,4,10),
(481,75,4,10),
(482,142,4,10),
(483,11,4,10),
(484,19,4,10),
(485,6,4,10),
(486,33,4,10),
(487,115,4,10),
(488,5,4,11),
(489,14,4,11),
(490,88,4,11),
(491,98,4,11),
(492,60,4,11),
(493,136,4,11),
(494,11,4,11),
(495,45,4,11),
(496,25,4,11),
(497,72,4,11),
(498,104,4,11),
(499,5,4,12),
(500,12,4,12),
(501,2,4,12),
(502,98,4,12),
(503,60,4,12),
(504,136,4,12),
(505,11,4,12),
(506,45,4,12),
(507,25,4,12),
(508,72,4,12),
(509,104,4,12),
(510,103,5,1),
(511,148,5,1),
(512,8,5,1),
(513,50,5,1),
(514,50,5,2),
(515,101,5,2),
(516,79,5,2),
(517,103,5,2),
(518,148,5,2),
(519,8,5,2),
(520,11,5,3),
(521,63,5,3),
(522,8,5,3),
(523,55,5,3),
(524,130,5,3),
(525,73,5,3),
(526,132,5,3),
(527,144,5,3),
(528,64,5,3),
(529,11,5,4),
(530,63,5,4),
(531,36,5,4),
(532,55,5,4),
(533,130,5,4),
(534,73,5,4),
(535,132,5,4),
(536,129,5,4),
(537,64,5,4),
(538,55,5,5),
(539,54,5,5),
(540,22,5,5),
(541,65,5,5),
(542,69,5,5),
(543,68,5,5),
(544,146,5,5),
(545,127,5,5),
(546,17,5,5),
(547,111,5,5),
(548,90,5,5),
(549,53,5,6),
(550,54,5,6),
(551,89,5,6),
(552,65,5,6),
(553,69,5,6),
(554,68,5,6),
(555,146,5,6),
(556,127,5,6),
(557,41,5,6),
(558,111,5,6),
(559,90,5,6),
(560,53,5,7),
(561,14,5,7),
(562,66,5,7),
(563,87,5,7),
(564,62,5,7),
(565,59,5,7),
(566,146,5,7),
(567,124,5,7),
(568,41,5,7),
(569,111,5,7),
(570,95,5,7),
(571,57,5,7),
(572,120,5,7),
(573,91,5,7),
(574,48,5,7),
(575,79,5,7),
(576,77,5,8),
(577,14,5,8),
(578,66,5,8),
(579,87,5,8),
(580,62,5,8),
(581,59,5,8),
(582,43,5,8),
(583,124,5,8),
(584,29,5,8),
(585,116,5,8),
(586,95,5,8),
(587,57,5,8),
(588,120,5,8),
(589,37,5,8),
(590,48,5,8),
(591,114,5,8),
(592,43,5,9),
(593,67,5,9),
(594,29,5,9),
(595,116,5,9),
(596,39,5,9),
(597,96,5,9),
(598,57,5,9),
(599,93,5,9),
(600,37,5,9),
(601,24,5,9),
(602,114,5,9),
(603,147,5,10),
(604,67,5,10),
(605,29,5,10),
(606,32,5,10),
(607,39,5,10),
(608,96,5,10),
(609,109,5,10),
(610,93,5,10),
(611,23,5,10),
(612,24,5,10),
(613,44,5,10),
(614,147,5,11),
(615,21,5,11),
(616,28,5,11),
(617,32,5,11),
(618,106,5,11),
(619,96,5,11),
(620,109,5,11),
(621,9,5,11),
(622,23,5,11),
(623,3,5,11),
(624,44,5,11),
(625,147,5,12),
(626,21,5,12),
(627,28,5,12),
(628,32,5,12),
(629,106,5,12),
(630,150,5,12),
(631,109,5,12),
(632,9,5,12),
(633,135,5,12),
(634,3,5,12),
(635,85,5,12),
(636,43,6,1),
(637,80,6,1),
(638,13,6,1),
(639,134,6,1),
(640,80,6,2),
(641,13,6,2),
(642,94,6,2),
(643,134,6,2),
(644,20,6,3),
(645,123,6,3),
(646,101,6,3),
(647,141,6,4),
(648,85,6,4),
(649,129,6,4),
(650,70,6,4),
(651,126,6,5),
(652,144,6,5),
(653,70,6,5),
(654,94,6,6),
(655,126,6,6),
(656,49,6,6),
(657,75,6,6),
(658,20,6,7),
(659,56,6,7),
(660,89,6,7),
(661,42,6,7),
(662,146,6,8),
(663,20,6,8),
(664,56,6,8),
(665,35,6,8),
(666,119,6,8),
(667,42,6,8),
(668,77,6,8),
(669,143,6,8),
(670,139,6,9),
(671,81,6,9),
(672,78,6,9),
(673,24,6,9),
(674,139,6,10),
(675,50,6,10),
(676,119,6,10),
(677,24,6,10),
(678,17,6,11),
(679,36,6,11),
(680,27,6,11),
(681,27,6,12),
(682,150,6,12),
(683,1,7,1),
(684,146,7,1),
(685,73,7,1),
(686,73,7,2),
(687,57,7,2),
(688,146,7,2),
(689,145,7,2),
(690,145,7,3),
(691,101,7,3),
(692,131,7,3),
(693,141,7,4),
(694,80,7,4),
(695,83,7,4),
(696,82,7,4),
(697,122,7,4),
(698,140,7,4),
(699,141,7,5),
(700,20,7,5),
(701,12,7,5),
(702,149,7,5),
(703,122,7,5),
(704,90,7,5),
(705,117,7,6),
(706,20,7,6),
(707,12,7,6),
(708,149,7,6),
(709,79,7,6),
(710,140,7,6),
(711,117,7,7),
(712,109,7,7),
(713,30,7,7),
(714,76,7,7),
(715,18,7,7),
(716,129,7,7),
(717,90,7,7),
(718,7,7,7),
(719,117,7,8),
(720,109,7,8),
(721,30,7,8),
(722,76,7,8),
(723,18,7,8),
(724,46,7,8),
(725,60,7,8),
(726,7,7,8),
(727,61,7,9),
(728,47,7,9),
(729,33,7,9),
(730,46,7,9),
(731,105,7,10),
(732,143,7,10),
(733,128,7,10),
(734,137,7,10),
(735,105,7,11),
(736,16,7,11),
(737,128,7,11),
(738,110,7,11),
(739,36,7,11),
(740,137,7,11),
(741,10,7,11),
(742,52,7,12),
(743,118,7,12),
(744,57,7,12),
(745,47,7,12),
(746,60,7,12),
(747,102,7,12),
(748,7,7,12),
(749,137,7,12),
(750,10,7,12);
